region_id	gene_id	y	score
chr10_45728933_C_T_b38	ENSG00000172661.17	0	0.123841666
chr1_165595976_C_G_b38	ENSG00000143149.12	0	0.12126887
chr14_23977394_T_C_b38	ENSG00000187630.15	0	0.12538631
chr1_161628488_C_G_b38	ENSG00000225217.1	0	0.119151674
chr18_106345_G_A_b38	ENSG00000263006.6	0	0.11566073
chr10_80015441_CAG_C_b38	ENSG00000225484.6	0	0.12147716
chr14_23988792_G_A_b38	ENSG00000157326.18	0	0.1241599
chr14_92527243_G_A_b38	ENSG00000100599.15	1	0.12797923
chr1_203082762_C_G_b38	ENSG00000143847.15	1	0.122365795
chr10_132365124_G_A_b38	ENSG00000171813.13	1	0.1265691
chr14_23946369_A_G_b38	ENSG00000157326.18	0	0.12137298
chr14_73627287_G_A_b38	ENSG00000279026.1	0	0.12126887
chr14_92489041_A_C_b38	ENSG00000140090.17	1	0.121112876
chr10_3151220_C_T_b38	ENSG00000107959.15	1	0.12163357
chr1_54619468_A_G_b38	ENSG00000184313.19	0	0.12315456
chr10_5529586_G_A_b38	ENSG00000205488.8	0	0.13551784
