region_id	gene_id	y	score	score_alt	score_ref_copy	score_random_allele
chr10_45728933_C_T_b38	ENSG00000172661.17	0	0.13822897	0.13822897	0.13822897	0.13822897
chr1_165595976_C_G_b38	ENSG00000143149.12	0	0.13712755	0.13712755	0.13712755	0.13712755
chr14_23977394_T_C_b38	ENSG00000187630.15	0	0.13741666	0.13741666	0.13741666	0.13741666
chr1_161628488_C_G_b38	ENSG00000225217.1	0	0.13735881	0.13735881	0.13735881	0.13735881
chr18_106345_G_A_b38	ENSG00000263006.6	0	0.1357468	0.1357468	0.1357468	0.1357468
chr10_80015441_CAG_C_b38	ENSG00000225484.6	0	0.13523209	0.13523209	0.13523209	0.13523209
chr14_23988792_G_A_b38	ENSG00000157326.18	0	0.13546064	0.13546064	0.13546064	0.13546064
chr14_92527243_G_A_b38	ENSG00000100599.15	1	0.1416966	0.1416966	0.1416966	0.1416966
chr1_203082762_C_G_b38	ENSG00000143847.15	1	0.1357468	0.1357468	0.1357468	0.1357468
chr10_132365124_G_A_b38	ENSG00000171813.13	1	0.13898684	0.13898684	0.13898684	0.13898684
chr14_23946369_A_G_b38	ENSG00000157326.18	0	0.14027736	0.14027736	0.14027736	0.14027736
chr14_73627287_G_A_b38	ENSG00000279026.1	0	0.13551784	0.13551784	0.13551784	0.13551784
chr14_92489041_A_C_b38	ENSG00000140090.17	1	0.13551784	0.13551784	0.13551784	0.13551784
chr10_3151220_C_T_b38	ENSG00000107959.15	1	0.13805456	0.13805456	0.13805456	0.13805456
chr1_54619468_A_G_b38	ENSG00000184313.19	0	0.1362632	0.1362632	0.1362632	0.1362632
chr10_5529586_G_A_b38	ENSG00000205488.8	0	0.13875328	0.13875328	0.13875328	0.13875328
chr14_96037948_G_A_b38	ENSG00000227051.6	1	0.13869494	0.13869494	0.13869494	0.13869494
chr1_1687153_A_G_b38	ENSG00000189339.11	0	0.14193429	0.14193429	0.14193429	0.14193429
chr14_23959742_C_T_b38	ENSG00000187630.15	1	0.13678125	0.13678125	0.13678125	0.13678125
chr10_46806601_A_G_b38	ENSG00000204177.10	1	0.13534632	0.13534632	0.13534632	0.13534632
chr1_19311815_A_G_b38	ENSG00000053371.12	1	0.14336751	0.14336751	0.14336751	0.14336751
chr10_116664061_G_A_b38	ENSG00000165863.16	1	0.13782232	0.13782232	0.13782232	0.13782232
chr10_79428355_G_GA_b38	ENSG00000165424.6	1	0.13718532	0.13718532	0.13718532	0.13718532
chr14_72913655_G_A_b38	ENSG00000119599.16	0	0.13557507	0.13557507	0.13557507	0.13557507
chr14_106389127_C_T_b38	ENSG00000211955.2	1	0.13603349	0.13603349	0.13597612	0.13603349
chr1_109675302_G_A_b38	ENSG00000134184.12	1	0.13881163	0.13881163	0.13881163	0.13881163
chr10_104262045_CACAT_C_b38	ENSG00000148834.12	0	0.13580413	0.13580413	0.13580413	0.13580413
chr1_147647471_G_A_b38	ENSG00000162836.11	1	0.1375904	0.1375904	0.1375904	0.1375904
chr10_45705418_A_C_b38	ENSG00000172661.17	1	0.1368966	0.1368966	0.1368966	0.1368966
chr14_73590290_G_T_b38	ENSG00000184227.7	1	0.13580413	0.13580413	0.13580413	0.13580413
chr1_21383300_G_A_b38	ENSG00000142794.18	0	0.13597612	0.13597612	0.13597612	0.13597612
chr1_146055996_T_C_b38	ENSG00000233396.7	0	0.13770632	0.13770632	0.13770632	0.13770632
