stratum	pairs	model	score	auroc	ci_lo	ci_hi	win_rate
all	652	baseline	-distance to TSS	0.5102516090180286	0.5050939299559638	0.5162052109601415	0.566717791411043
all	652	HyenaDNA	shift_fwd	0.5033850540103126	0.4948394980992886	0.5123311589634536	0.4938650306748466
all	652	HyenaDNA	shift_rev	0.5061302645940758	0.4972848996951334	0.5156034170461817	0.5153374233128835
all	652	HyenaDNA	eqtl_probe	0.50304160864165	0.49593252474688543	0.511199083047913	0.4723926380368098
all	652	HyenaDNA	eqtl_allele	0.5017101697466972	0.4688680299409086	0.5321694220708344	0.4938650306748466
all	652	Caduceus	shift_fwd	0.4959539312732884	0.48357713641838235	0.5085658450637961	0.504601226993865
all	652	Caduceus	shift_rev	0.4998094583913584	0.487566983608717	0.5123078705446197	0.5076687116564417
all	652	Caduceus	eqtl_probe	0.5066007377018329	0.49982080855508293	0.5140980795287742	0.49233128834355827
all	652	Caduceus	eqtl_allele	0.48928967970190823	0.4621452044676126	0.5189724161616922	0.48466257668711654
2+ star pathogenic	285	baseline	-distance to TSS	0.5175377039088951	0.510812865497076	0.5266054170514005	0.5912280701754385
2+ star pathogenic	285	HyenaDNA	shift_fwd	0.4992305324715297	0.4840461680517082	0.5125450907971684	0.49473684210526314
2+ star pathogenic	285	HyenaDNA	shift_rev	0.4995260080024623	0.4847008310249308	0.5127863958140967	0.47368421052631576
2+ star pathogenic	285	HyenaDNA	eqtl_probe	0.5024930747922438	0.4909196675900277	0.5144232071406587	0.47017543859649125
2+ star pathogenic	285	HyenaDNA	eqtl_allele	0.5231271160357034	0.4779756848261003	0.5679609110495536	0.5333333333333333
2+ star pathogenic	285	Caduceus	shift_fwd	0.48627885503231766	0.46836503539550634	0.5043228685749461	0.45263157894736844
2+ star pathogenic	285	Caduceus	shift_rev	0.5040320098491844	0.4856857494613728	0.5212314558325639	0.5157894736842106
2+ star pathogenic	285	Caduceus	eqtl_probe	0.5091289627577716	0.49852662357648514	0.5201834410587873	0.49122807017543857
2+ star pathogenic	285	Caduceus	eqtl_allele	0.5043644198214835	0.4590104647583872	0.5477571560480149	0.48771929824561405
same gene + location	555	baseline	-distance to TSS	0.5031750669588507	0.4982969320672023	0.5081817222628033	0.5351351351351351
same gene + location	555	HyenaDNA	shift_fwd	0.49870952033114196	0.48828772015258504	0.5077884100316532	0.4756756756756757
same gene + location	555	HyenaDNA	shift_rev	0.5042610177745313	0.4946131807483159	0.5131117604090578	0.5099099099099099
same gene + location	555	HyenaDNA	eqtl_probe	0.4947715282850418	0.4902166220274329	0.49868046424803175	0.47927927927927927
same gene + location	555	HyenaDNA	eqtl_allele	0.4938138138138138	0.4617975002029056	0.5287943348754159	0.4900900900900901
same gene + location	555	Caduceus	shift_fwd	0.49379758136514895	0.4808866163460759	0.5081103806509212	0.4990990990990991
same gene + location	555	Caduceus	shift_rev	0.497738819900982	0.4838877526174823	0.5121902442983524	0.5045045045045045
same gene + location	555	Caduceus	eqtl_probe	0.4991348104861618	0.4958517165814463	0.502376024673322	0.47387387387387386
same gene + location	555	Caduceus	eqtl_allele	0.48525931336742145	0.4527312718123529	0.5158520412304196	0.4756756756756757
location: 3UTR	34	baseline	-distance to TSS	0.5142733564013842	0.4913494809688581	0.5475886678200692	0.6029411764705882
location: 3UTR	34	HyenaDNA	shift_fwd	0.4801038062283737	0.42733564013840836	0.5303200692041522	0.47058823529411764
location: 3UTR	34	HyenaDNA	shift_rev	0.4558823529411765	0.4004757785467128	0.5069420415224914	0.4117647058823529
location: 3UTR	34	HyenaDNA	eqtl_probe	0.48788927335640137	0.45847750865051906	0.5181660899653979	0.5294117647058824
location: 3UTR	34	HyenaDNA	eqtl_allele	0.47923875432525953	0.364143598615917	0.6055363321799307	0.4411764705882353
location: 3UTR	34	Caduceus	shift_fwd	0.45155709342560557	0.3849048442906574	0.5199178200692041	0.47058823529411764
location: 3UTR	34	Caduceus	shift_rev	0.4818339100346021	0.4152249134948097	0.5484429065743943	0.47058823529411764
location: 3UTR	34	Caduceus	eqtl_probe	0.49913494809688574	0.47056660899653974	0.5259515570934256	0.35294117647058826
location: 3UTR	34	Caduceus	eqtl_allele	0.47750865051903113	0.32785467128027684	0.6229022491349481	0.35294117647058826
location: 5UTR/promoter	146	baseline	-distance to TSS	0.6122865453180708	0.5748791987239632	0.6528921936573465	0.708904109589041
location: 5UTR/promoter	146	HyenaDNA	shift_fwd	0.5430662413210734	0.48963102833552263	0.5978619346969413	0.5273972602739726
location: 5UTR/promoter	146	HyenaDNA	shift_rev	0.5653968849690373	0.5060037061362358	0.6196472133608557	0.547945205479452
location: 5UTR/promoter	146	HyenaDNA	eqtl_probe	0.5257083880653031	0.4990570463501595	0.554138909739163	0.4315068493150685
location: 5UTR/promoter	146	HyenaDNA	eqtl_allele	0.5427847626196285	0.47511962844811406	0.614201773315819	0.5273972602739726
location: 5UTR/promoter	146	Caduceus	shift_fwd	0.5599549634077687	0.49573090636141864	0.6209115218615124	0.6164383561643836
location: 5UTR/promoter	146	Caduceus	shift_rev	0.553527866391443	0.5026118877838244	0.6013335053480953	0.589041095890411
location: 5UTR/promoter	146	Caduceus	eqtl_probe	0.5392662788515669	0.5148245449427661	0.5650696659786076	0.541095890410959
location: 5UTR/promoter	146	Caduceus	eqtl_allele	0.45993619816100584	0.3988013698630137	0.5215401576280728	0.4863013698630137
location: deep_intron	399	baseline	-distance to TSS	0.5008417032556328	0.49687054415487336	0.5046299960427384	0.5125313283208021
location: deep_intron	399	HyenaDNA	shift_fwd	0.5004805246198202	0.4874484142687546	0.5124071142769203	0.48370927318295737
location: deep_intron	399	HyenaDNA	shift_rev	0.5048021055144126	0.49234819504902605	0.5174986338025515	0.49624060150375937
location: deep_intron	399	HyenaDNA	eqtl_probe	0.4962217574010213	0.49026654983322965	0.5028886439155533	0.49624060150375937
location: deep_intron	399	HyenaDNA	eqtl_allele	0.4833637979660932	0.445477258308679	0.5211710353578181	0.49122807017543857
location: deep_intron	399	Caduceus	shift_fwd	0.4970446165539162	0.47599245607753726	0.5174716239219603	0.49122807017543857
location: deep_intron	399	Caduceus	shift_rev	0.4902795836709569	0.4690414947142291	0.5081298170237624	0.48621553884711777
location: deep_intron	399	Caduceus	eqtl_probe	0.5006061519714071	0.4953235218371744	0.5070954328176331	0.47869674185463656
location: deep_intron	399	Caduceus	eqtl_allele	0.4913662602621843	0.45178532170024055	0.532051934347146	0.48120300751879697
location: genomic_only	31	baseline	-distance to TSS	0.5405827263267429	0.47034339229968786	0.6165582726326743	0.5645161290322581
location: genomic_only	31	HyenaDNA	shift_fwd	0.45681581685744016	0.35379812695109264	0.5525754422476586	0.45161290322580644
location: genomic_only	31	HyenaDNA	shift_rev	0.4849115504682622	0.39646201873048914	0.5744276795005202	0.5806451612903226
location: genomic_only	31	HyenaDNA	eqtl_probe	0.5015608740894901	0.44849115504682624	0.5473465140478668	0.4838709677419355
location: genomic_only	31	HyenaDNA	eqtl_allele	0.4391259105098855	0.2913111342351717	0.5817117585848074	0.3548387096774194
location: genomic_only	31	Caduceus	shift_fwd	0.3808532778355879	0.2819719042663892	0.46409989594172735	0.22580645161290322
location: genomic_only	31	Caduceus	shift_rev	0.368366285119667	0.25494276795005205	0.46305931321540067	0.2903225806451613
location: genomic_only	31	Caduceus	eqtl_probe	0.49531737773152973	0.43600416233090533	0.5515348595213317	0.6774193548387096
location: genomic_only	31	Caduceus	eqtl_allele	0.6514047866805411	0.5192247658688866	0.7753121748178979	0.6774193548387096
location: intron_mid	42	baseline	-distance to TSS	0.5206916099773242	0.4883715986394558	0.5606646825396825	0.5595238095238095
location: intron_mid	42	HyenaDNA	shift_fwd	0.5062358276643991	0.4540674603174603	0.5561933106575963	0.5238095238095238
location: intron_mid	42	HyenaDNA	shift_rev	0.5232426303854876	0.4784438775510204	0.5765447845804988	0.6190476190476191
location: intron_mid	42	HyenaDNA	eqtl_probe	0.46938775510204084	0.429109977324263	0.49151077097505674	0.3333333333333333
location: intron_mid	42	HyenaDNA	eqtl_allele	0.49319727891156456	0.3832057823129251	0.6037698412698413	0.5476190476190477
location: intron_mid	42	Caduceus	shift_fwd	0.4920634920634921	0.4126842403628118	0.564625850340136	0.47619047619047616
location: intron_mid	42	Caduceus	shift_rev	0.5629251700680272	0.49146825396825394	0.6377551020408163	0.6190476190476191
location: intron_mid	42	Caduceus	eqtl_probe	0.48639455782312924	0.45009920634920636	0.5147392290249433	0.42857142857142855
location: intron_mid	42	Caduceus	eqtl_allele	0.4761904761904762	0.33954081632653055	0.5952380952380952	0.47619047619047616
