version	scheme	model	auroc	ci_lo	ci_hi	fold_mean	fold_sd	auprc	prevalence	n	n_pos
all	random	distance	0.7903227600935193	0.7820907544055274	0.7981368668343481	0.7902947659685781	0.007558756308531201	0.42235825305596936	0.127109375	25600	3254
all	random	gene_prior	0.7027453106479636	0.6951213199120757	0.7102789323092097	0.702768984947449	0.0019218829363064883	0.1945558718907924	0.127109375	25600	3254
all	random	composition	0.7435342128059065	0.7349030083201671	0.7522892256650029	0.743977547702676	0.006079550749978997	0.3458926113069723	0.127109375	25600	3254
all	random	dist+comp	0.8329013273448576	0.8259458620006914	0.8399070225315493	0.833094425421302	0.00783951974810557	0.49953462535379045	0.127109375	25600	3254
all	random	dist+comp+allele	0.834348960096809	0.8269961368124541	0.8415430469077315	0.8345527708733703	0.005914196850840026	0.5042513341006696	0.127109375	25600	3254
all	random	dist+mask_count	0.8101388037530769	0.8027961984491726	0.817512443586353	0.8105743611837333	0.007296229992289305	0.43871878113424845	0.127109375	25600	3254
all	gene	distance	0.7903227600935193	0.7820907544055274	0.7981368668343481	0.7675292542611197	0.03367817566958709	0.42235825305596936	0.127109375	25600	3254
all	gene	gene_prior	0.3727186268856165	0.3635510577440005	0.3823984800495523	0.5	0.0	0.1024170786574193	0.127109375	25600	3254
all	gene	composition	0.6396070384577449	0.6286993709603814	0.6503149444253241	0.6692439330316523	0.011466183534590441	0.25863358610178494	0.127109375	25600	3254
all	gene	dist+comp	0.7883770725271668	0.7791908912349544	0.796990349894593	0.7787530804043054	0.03078981404906526	0.4487853289857813	0.127109375	25600	3254
all	gene	dist+comp+allele	0.79004508960077	0.7813107683517699	0.7988071810257268	0.780180292288472	0.029384092177392507	0.4477744881681801	0.127109375	25600	3254
all	gene	dist+mask_count	0.7808526566948342	0.7725543694690002	0.7890754996914379	0.7670240480189682	0.035203988714344575	0.41930953281072375	0.127109375	25600	3254
all	chrom	distance	0.7903227600935193	0.7820907544055274	0.7981368668343481	0.770365021605806	0.05475242733007176	0.42235825305596936	0.127109375	25600	3254
all	chrom	gene_prior	0.3865318417043986	0.37700887698303165	0.39656551940859897	0.5	0.0	0.10280565591523799	0.127109375	25600	3254
all	chrom	composition	0.6385377172260527	0.628104223425854	0.64869752064208	0.6676748944000581	0.027522690235477924	0.24760563958072537	0.127109375	25600	3254
all	chrom	dist+comp	0.7898618646199672	0.7809660858331694	0.798077301950342	0.7840221878377595	0.048816722657839325	0.44482215386833024	0.127109375	25600	3254
all	chrom	dist+comp+allele	0.7898747576185039	0.7808342234050403	0.7979325235853064	0.7832340983365448	0.04662332545768824	0.44338476388821196	0.127109375	25600	3254
all	chrom	dist+mask_count	0.7796918536217925	0.7712235925967482	0.7882828336375077	0.7682462648230197	0.04732448971922264	0.41480079917513724	0.127109375	25600	3254
matched	random	distance	0.5000097167623037	0.4846579877424259	0.513847733485008	0.5000428297199727	0.015376544145622199	0.500363429204277	0.5	5810	2905
matched	random	gene_prior	0.7061275443549462	0.6921527391071736	0.7195993136634768	0.7069730897864491	0.008778581718962581	0.6352721241196446	0.5	5810	2905
matched	random	composition	0.6652373348816955	0.650378801236874	0.6780809813869639	0.6654753005499584	0.013499402369657625	0.6487744722367454	0.5	5810	2905
matched	random	dist+comp	0.669675703058114	0.6543883214800408	0.6830639388410878	0.6698890494263136	0.016681742359525964	0.6546366029797893	0.5	5810	2905
matched	random	dist+comp+allele	0.6697318706841133	0.6551606103717567	0.6829371098663962	0.6698534999747464	0.01817502808657573	0.6542195500096772	0.5	5810	2905
matched	random	dist+mask_count	0.5293110874775226	0.5128601115868625	0.5448540496665879	0.5286315417328314	0.013961950246336969	0.5353838890252902	0.5	5810	2905
matched	gene	distance	0.5000097167623037	0.4846579877424259	0.513847733485008	0.48801374545688236	0.038804267422700336	0.500363429204277	0.5	5810	2905
matched	gene	gene_prior	0.43213825056804556	0.41775396189727454	0.44647202378009476	0.5	0.0	0.4578450827287787	0.5	5810	2905
matched	gene	composition	0.6020697296192392	0.5868474913503099	0.6159101056361167	0.6079388056187939	0.00851523448056382	0.5838431761234169	0.5	5810	2905
matched	gene	dist+comp	0.6009520057115603	0.5852046492342443	0.6145652405381004	0.610431059785724	0.005338857906625079	0.5844658117382102	0.5	5810	2905
matched	gene	dist+comp+allele	0.5957429916370671	0.5805752258463734	0.6096605490712025	0.6042807870313005	0.005831031349747156	0.5829256039849644	0.5	5810	2905
matched	gene	dist+mask_count	0.4501387897298562	0.43454896712804314	0.46448865620365076	0.46293655924397437	0.014413929656262215	0.47625374703995094	0.5	5810	2905
matched	chrom	distance	0.5000097167623037	0.4846579877424259	0.513847733485008	0.49456374770836753	0.05392870216716219	0.500363429204277	0.5	5810	2905
matched	chrom	gene_prior	0.4394416416588409	0.42450905028153	0.45396507260384317	0.5	0.0	0.4659611549823282	0.5	5810	2905
matched	chrom	composition	0.5875845847120965	0.5728732394620349	0.602727411082437	0.5931877548180575	0.017842199175506942	0.5664749267459472	0.5	5810	2905
matched	chrom	dist+comp	0.5819625489911453	0.5667897267450555	0.5978356577049301	0.5898789542453368	0.02928241142752952	0.558831946979986	0.5	5810	2905
matched	chrom	dist+comp+allele	0.5897738186579611	0.5739012262549804	0.6052756813907987	0.5985436577098942	0.030928687509485967	0.5617825302997818	0.5	5810	2905
matched	chrom	dist+mask_count	0.43577830377324395	0.42086148363943	0.45058733943832247	0.44405056414993654	0.011996050421076501	0.4669273108300864	0.5	5810	2905
