tissue	n	n_train	pos_train	n_valid	pos_valid	n_test	pos_test	test_pos	test_neg	auroc_distance	dist_ci_lo	dist_ci_hi	ci95_halfwidth_at_0.55	pub_expert	pub_cnn	pub_hyena	pub_cad_ph	pub_cad_ps	med_dist_pos_kb	med_dist_neg_kb	test_gene_in_train	test_variant_in_train	test_locus_in_train	chroms_in_test
Adipose_Subcutaneous	2174	1277	0.20986687548942834	565	0.4300884955752212	332	0.04819277108433735	16	316	0.7147943037974683	0.5461694975230007	0.8683653950704185	0.1486033152406423	0.736	0.551	0.513	0.541	0.519	12.7605	88.286	1.0	0.006024096385542169	0.8283132530120482	23
Artery_Tibial	4170	2739	0.11427528294998175	862	0.3213457076566125	569	0.04745166959578207	27	542	0.7442257755910892	0.6377246854513919	0.8384700013666804	0.11428778849509448	0.741	0.576	0.479	0.547	0.536	26.899	110.98	1.0	0.007029876977152899	0.8681898066783831	23
Cells_Cultured_fibroblasts	2422	1490	0.1651006711409396	571	0.39404553415061294	361	0.030470914127423823	11	350	0.6883116883116884	0.5398659528150932	0.8194874494404629	0.17775431170056713	0.639	0.547	0.584	0.597	0.549	25.23	96.93	1.0	0.0	0.817174515235457	23
Muscle_Skeletal	3184	2157	0.11451089476124246	614	0.3501628664495114	413	0.0387409200968523	16	397	0.7984886649874054	0.6814686468646864	0.9033025812729987	0.1479174751676262	0.621	0.502	0.487	0.538	0.523	7.6315	124.945	1.0	0.12590799031476999	0.87409200968523	23
Nerve_Tibial	4592	2975	0.1304201680672269	974	0.36344969199178645	643	0.05287713841368585	34	609	0.8176856949676422	0.7564720516830356	0.8750944296751566	0.10209219355271282	0.683	0.516	0.511	0.588	0.552	12.8235	120.901	1.0	0.007776049766718507	0.8755832037325039	23
Skin_Not_Sun_Exposed_Suprapubic	3676	2506	0.0893854748603352	697	0.30272596843615496	473	0.035940803382663845	17	456	0.8279153766769866	0.7321797909469732	0.910474929423705	0.14329688094248397	0.71	0.499	0.471	0.586	0.529	16.422	144.468	1.0	0.12050739957716702	0.8731501057082452	23
Skin_Sun_Exposed_Lower_leg	4913	3353	0.09513868177751268	927	0.30528586839266453	633	0.04107424960505529	26	607	0.694271955392219	0.5957433535351012	0.780671250849172	0.11611380161552008	0.7	0.499	0.544	0.574	0.541	33.3015	124.881	1.0	0.09004739336492891	0.9146919431279621	23
Thyroid	3870	2489	0.142225793491362	831	0.3862815884476534	550	0.04727272727272727	26	524	0.6991338813857898	0.5793702127466956	0.8072332697966826	0.11645861862177904	0.612	0.487	0.529	0.527	0.547	16.7025	88.263	1.0	0.02	0.8636363636363636	22
Whole_Blood	2208	1374	0.17540029112081515	512	0.41796875	322	0.052795031055900624	17	305	0.775699132111861	0.6586484450337512	0.8817857485641981	0.14448076458758805	0.689	0.577	0.512	0.594	0.542	22.331	125.731	1.0	0.0	0.84472049689441	22
