model	fold	seed	refalt	ref_copy
Floor (composition)	0	0	0.5870249845396072	
Floor (composition)	1	0	0.6143855068480601	
Floor (composition)	2	0	0.5644101734199176	
Floor (composition)	3	0	0.6095936551786604	
Floor (composition)	4	0	0.5905244541040422	
HyenaDNA	0	0	0.5907967755205453	0.5907926890731119
HyenaDNA	1	0	0.5225138564426733	0.5225367596537035
HyenaDNA	2	0	0.5718640069669686	0.5717371477943647
HyenaDNA	3	0	0.5694460169376386	0.5695535754721254
HyenaDNA	4	0	0.5249887974161538	0.525278873983379
Caduceus	0	0	0.5491586004734831	0.5491082009551389
Caduceus	1	0	0.5874261371444277	0.5873620081535431
Caduceus	2	0	0.5349719881232385	0.5348554148294944
Caduceus	3	0	0.5772326887369231	0.5771732484941805
Caduceus	4	0	0.5686301675300414	0.569012245993588
CNN	0	0	0.4687373149860924	0.46879316310101427
CNN	0	1	0.575004018339976	0.575242394440252
CNN	0	2	0.4915492267079307	0.491553313155364
CNN	1	0	0.5436787137556686	0.5437084879300078
CNN	1	1	0.4749141129586367	0.47560349961064535
CNN	1	2	0.48607713801474967	0.48552975127112824
CNN	2	0	0.5359748613120667	0.5358960029074751
CNN	2	1	0.5689668177547984	0.5693645384040431
CNN	2	2	0.5025337548257915	0.5025508979572244
CNN	3	0	0.5105704565010643	0.5112964766088492
CNN	3	1	0.5709490059327023	0.5712504528780399
CNN	3	2	0.5255493976722069	0.52729863910149
CNN	4	0	0.498439214888288	0.4985149811558469
CNN	4	1	0.4497420699777247	0.44915109309076584
CNN	4	2	0.5595923341855235	0.5598131387366948
