tissue	test_pos	test_neg	pos_rate_train	pos_rate_valid	pos_rate_test	split_share_train	split_share_test	auc_dist_column	auc_dist_coords	auc_dist_coords_cutoff	test_rows_dropped_by_cutoff	test_gene_in_train	test_variant_in_train	median_dist_pos	median_dist_neg
Adipose_Subcutaneous	16	319	0.209375	0.4293286219081272	0.04776119402985075	0.5868867491976157	0.15359926639156352	0.6089341692789969	0.7174764890282131	0.7147943037974683	3	1.0	0.005970149253731343	12760.5	90978.0
Artery_Tibial	27	543	0.11415025528811087	0.3202312138728324	0.04736842105263158	0.656451999042375	0.13646157529327269	0.6581065411636313	0.7446968146783984	0.7437529951393168	2	1.0	0.007017543859649123	26899.0	111668.0
Cells_Cultured_fibroblasts	11	353	0.16443850267379678	0.39267015706806285	0.03021978021978022	0.6148787505137691	0.14960953555281545	0.5632243110996652	0.6909605974761783	0.6865203761755485	5	1.0	0.0	25230.0	98397.0
Muscle_Skeletal	16	397	0.1144578313253012	0.34846029173419774	0.0387409200968523	0.676913425345044	0.1295483061480552	0.7446473551637279	0.7984886649874054	0.7969543147208122	3	1.0	0.12590799031476999	7631.5	124945.0
Nerve_Tibial	34	615	0.13002680965147453	0.3623336745138178	0.05238828967642527	0.647288503253796	0.14078091106290672	0.7271162123385939	0.8194643711142993	0.8176856949676422	6	1.0	0.007704160246533128	12824.0	124155.0
Skin_Not_Sun_Exposed_Suprapubic	17	457	0.08927859705061778	0.30142857142857143	0.035864978902953586	0.6812381210969318	0.12869942981265273	0.7412794439438796	0.8282919294632514	0.8267757434099468	4	1.0	0.12025316455696203	16422.0	145283.0
Skin_Sun_Exposed_Lower_leg	26	607	0.0949687406966359	0.30528586839266453	0.04107424960505529	0.6828623704004879	0.12868469201057126	0.6280572804460778	0.694271955392219	0.6912197619352362	6	1.0	0.09004739336492891	33301.5	124881.0
Thyroid	26	524	0.1421116017663589	0.3858173076923077	0.04727272727272727	0.6431706687322489	0.14200877872450296	0.6130358191426893	0.6991338813857898	0.6985586115605236	1	1.0	0.02	16702.5	88263.0
Whole_Blood	17	306	0.1747643219724438	0.41472868217054265	0.05263157894736842	0.6217312894499549	0.14562669071235348	0.6808919646289888	0.7764321414840446	0.7742185983304213	3	1.0	0.0	22331.0	125938.5
