match_seed	caliper	n_pairs	partition	model	fold_mean_auroc
0	0.05	2905	0	distance	0.49760463625051604
0	0.05	2905	0	composition	0.5993441381862727
0	0.05	2905	0	dist+comp+allele	0.5924439079027439
0	0.05	2905	1	distance	0.49123271505973093
0	0.05	2905	1	composition	0.6039491566325033
0	0.05	2905	1	dist+comp+allele	0.6058986390889826
0	0.05	2905	2	distance	0.48277103041250735
0	0.05	2905	2	composition	0.5900035842988111
0	0.05	2905	2	dist+comp+allele	0.5862202276890793
0	0.05	2905	3	distance	0.4909762709369095
0	0.05	2905	3	composition	0.6058945581451312
0	0.05	2905	3	dist+comp+allele	0.6000132646006875
0	0.05	2905	4	distance	0.4852427769462169
0	0.05	2905	4	composition	0.5964243846589207
0	0.05	2905	4	dist+comp+allele	0.5927069800498992
0	0.05	2905	5	distance	0.4941220968024436
0	0.05	2905	5	composition	0.5932106036703134
0	0.05	2905	5	dist+comp+allele	0.5948475626952863
0	0.05	2905	6	distance	0.4967637860136052
0	0.05	2905	6	composition	0.5951574636206203
0	0.05	2905	6	dist+comp+allele	0.5919695578266355
0	0.05	2905	7	distance	0.4984714049732849
0	0.05	2905	7	composition	0.5914284853686161
0	0.05	2905	7	dist+comp+allele	0.5919866179164648
0	0.05	2905	8	distance	0.49974774405418787
0	0.05	2905	8	composition	0.5948746520649426
0	0.05	2905	8	dist+comp+allele	0.5922286141378639
0	0.05	2905	9	distance	0.48765511095982017
0	0.05	2905	9	composition	0.5998483289009189
0	0.05	2905	9	dist+comp+allele	0.5988743680101334
1	0.05	2904	0	distance	0.49695356488233483
1	0.05	2904	0	composition	0.5883735829126403
1	0.05	2904	0	dist+comp+allele	0.5854885771449722
1	0.05	2904	1	distance	0.4927643536082467
1	0.05	2904	1	composition	0.5987197524870632
1	0.05	2904	1	dist+comp+allele	0.6014045395519156
1	0.05	2904	2	distance	0.49204578666238474
1	0.05	2904	2	composition	0.5985164283506358
1	0.05	2904	2	dist+comp+allele	0.6007335665922209
1	0.05	2904	3	distance	0.49066020816586275
1	0.05	2904	3	composition	0.599467687609983
1	0.05	2904	3	dist+comp+allele	0.6001263968554815
1	0.05	2904	4	distance	0.4959614573968924
1	0.05	2904	4	composition	0.5977337121153667
1	0.05	2904	4	dist+comp+allele	0.5964455157492881
1	0.05	2904	5	distance	0.4911490033911134
1	0.05	2904	5	composition	0.5903291484578477
1	0.05	2904	5	dist+comp+allele	0.5941602642597877
1	0.05	2904	6	distance	0.49742516646526125
1	0.05	2904	6	composition	0.5951391430864136
1	0.05	2904	6	dist+comp+allele	0.5883544051416356
1	0.05	2904	7	distance	0.4988264795358983
1	0.05	2904	7	composition	0.5896065013101366
1	0.05	2904	7	dist+comp+allele	0.5874091730585069
1	0.05	2904	8	distance	0.500849782000546
1	0.05	2904	8	composition	0.5937883514827167
1	0.05	2904	8	dist+comp+allele	0.586200773271657
1	0.05	2904	9	distance	0.4880894236663762
1	0.05	2904	9	composition	0.5980199054211386
1	0.05	2904	9	dist+comp+allele	0.5983167785686582
2	0.05	2903	0	distance	0.49470320399621104
2	0.05	2903	0	composition	0.5925382981035725
2	0.05	2903	0	dist+comp+allele	0.5894877976774769
2	0.05	2903	1	distance	0.4915502455925638
2	0.05	2903	1	composition	0.600760594900646
2	0.05	2903	1	dist+comp+allele	0.6014762882145337
2	0.05	2903	2	distance	0.49047594839353464
2	0.05	2903	2	composition	0.5909594123826751
2	0.05	2903	2	dist+comp+allele	0.5905783785192316
2	0.05	2903	3	distance	0.4894465562828591
2	0.05	2903	3	composition	0.5923325500372696
2	0.05	2903	3	dist+comp+allele	0.5901404501556091
2	0.05	2903	4	distance	0.48983502055409434
2	0.05	2903	4	composition	0.595054022611042
2	0.05	2903	4	dist+comp+allele	0.5952290006401936
2	0.05	2903	5	distance	0.491318297722332
2	0.05	2903	5	composition	0.5977043980536925
2	0.05	2903	5	dist+comp+allele	0.5958940827328482
2	0.05	2903	6	distance	0.4923676216350067
2	0.05	2903	6	composition	0.5881326308080748
2	0.05	2903	6	dist+comp+allele	0.5868813065720426
2	0.05	2903	7	distance	0.49573873529364854
2	0.05	2903	7	composition	0.5966045171343407
2	0.05	2903	7	dist+comp+allele	0.6002420667623533
2	0.05	2903	8	distance	0.4987665900515664
2	0.05	2903	8	composition	0.59197703719913
2	0.05	2903	8	dist+comp+allele	0.5937527745149854
2	0.05	2903	9	distance	0.49007815115751485
2	0.05	2903	9	composition	0.5954407040603542
2	0.05	2903	9	dist+comp+allele	0.5925217656521494
3	0.05	2903	0	distance	0.49458403196489104
3	0.05	2903	0	composition	0.5916782166193849
3	0.05	2903	0	dist+comp+allele	0.5898403042610428
3	0.05	2903	1	distance	0.493228981282637
3	0.05	2903	1	composition	0.600339388480125
3	0.05	2903	1	dist+comp+allele	0.6023023951186568
3	0.05	2903	2	distance	0.4912574878812171
3	0.05	2903	2	composition	0.5897452590347151
3	0.05	2903	2	dist+comp+allele	0.58728500393065
3	0.05	2903	3	distance	0.4896857633068514
3	0.05	2903	3	composition	0.5884877250221155
3	0.05	2903	3	dist+comp+allele	0.5855521253763618
3	0.05	2903	4	distance	0.48871016605057455
3	0.05	2903	4	composition	0.6047424436665125
3	0.05	2903	4	dist+comp+allele	0.5986709884660539
3	0.05	2903	5	distance	0.4910618016815114
3	0.05	2903	5	composition	0.5927723865872822
3	0.05	2903	5	dist+comp+allele	0.5920403492248804
3	0.05	2903	6	distance	0.4918082362315232
3	0.05	2903	6	composition	0.6007817647102739
3	0.05	2903	6	dist+comp+allele	0.5959252748290007
3	0.05	2903	7	distance	0.4955468763785767
3	0.05	2903	7	composition	0.5956016449789178
3	0.05	2903	7	dist+comp+allele	0.5882509677382933
3	0.05	2903	8	distance	0.5023575244890152
3	0.05	2903	8	composition	0.5926253735123982
3	0.05	2903	8	dist+comp+allele	0.5852149195841043
3	0.05	2903	9	distance	0.4886711101814122
3	0.05	2903	9	composition	0.5930526448260244
3	0.05	2903	9	dist+comp+allele	0.5965398410632345
4	0.05	2903	0	distance	0.49511138603878824
4	0.05	2903	0	composition	0.5970069300020674
4	0.05	2903	0	dist+comp+allele	0.5974944556797033
4	0.05	2903	1	distance	0.4950341341454655
4	0.05	2903	1	composition	0.5953088944818342
4	0.05	2903	1	dist+comp+allele	0.5914624178995396
4	0.05	2903	2	distance	0.49147335206812465
4	0.05	2903	2	composition	0.5936495984786492
4	0.05	2903	2	dist+comp+allele	0.5925497121912623
4	0.05	2903	3	distance	0.4921625384832334
4	0.05	2903	3	composition	0.5971554932129399
4	0.05	2903	3	dist+comp+allele	0.5941685371850877
4	0.05	2903	4	distance	0.49507272206573116
4	0.05	2903	4	composition	0.5959945485289136
4	0.05	2903	4	dist+comp+allele	0.5968508279980858
4	0.05	2903	5	distance	0.4894176627197221
4	0.05	2903	5	composition	0.598689605276826
4	0.05	2903	5	dist+comp+allele	0.604801917085076
4	0.05	2903	6	distance	0.4900087099564393
4	0.05	2903	6	composition	0.598510464011605
4	0.05	2903	6	dist+comp+allele	0.5975640838770561
4	0.05	2903	7	distance	0.49460696208134375
4	0.05	2903	7	composition	0.6006805734232284
4	0.05	2903	7	dist+comp+allele	0.6014920157103794
4	0.05	2903	8	distance	0.4988966936824906
4	0.05	2903	8	composition	0.6017199707073553
4	0.05	2903	8	dist+comp+allele	0.5989851834563551
4	0.05	2903	9	distance	0.4884581564199073
4	0.05	2903	9	composition	0.5940271320530648
4	0.05	2903	9	dist+comp+allele	0.6035693647595506
0	0.02	2891	0	distance	0.4924560079626533
0	0.02	2891	0	composition	0.5988593903761393
0	0.02	2891	0	dist+comp+allele	0.5986879585975252
0	0.02	2891	1	distance	0.49012648126123903
0	0.02	2891	1	composition	0.6004457884672899
0	0.02	2891	1	dist+comp+allele	0.6032848982105989
0	0.02	2891	2	distance	0.4845056401863251
0	0.02	2891	2	composition	0.5936682519979314
0	0.02	2891	2	dist+comp+allele	0.5887284038800711
0	0.02	2891	3	distance	0.49279818574386247
0	0.02	2891	3	composition	0.6008306496498476
0	0.02	2891	3	dist+comp+allele	0.6021463206574377
0	0.02	2891	4	distance	0.486964779392048
0	0.02	2891	4	composition	0.5967633894457351
0	0.02	2891	4	dist+comp+allele	0.5929395501218246
0	0.02	2891	5	distance	0.4896236611684873
0	0.02	2891	5	composition	0.5911280812601083
0	0.02	2891	5	dist+comp+allele	0.5911725876377054
0	0.02	2891	6	distance	0.49455727539247646
0	0.02	2891	6	composition	0.5946072433999838
0	0.02	2891	6	dist+comp+allele	0.5936838183376862
0	0.02	2891	7	distance	0.496844449132095
0	0.02	2891	7	composition	0.5929375565089605
0	0.02	2891	7	dist+comp+allele	0.5821900037767603
0	0.02	2891	8	distance	0.49363702205710236
0	0.02	2891	8	composition	0.5913135908031569
0	0.02	2891	8	dist+comp+allele	0.5904179349715871
0	0.02	2891	9	distance	0.4897271905034176
0	0.02	2891	9	composition	0.5899475897358151
0	0.02	2891	9	dist+comp+allele	0.593018911254668
0	0.1	2911	0	distance	0.4946535296841949
0	0.1	2911	0	composition	0.590877642162891
0	0.1	2911	0	dist+comp+allele	0.5857082812054808
0	0.1	2911	1	distance	0.49314004808254613
0	0.1	2911	1	composition	0.5959439323584949
0	0.1	2911	1	dist+comp+allele	0.5927569850695475
0	0.1	2911	2	distance	0.4913398459701557
0	0.1	2911	2	composition	0.5926594386116496
0	0.1	2911	2	dist+comp+allele	0.5919467152532862
0	0.1	2911	3	distance	0.4960500145979071
0	0.1	2911	3	composition	0.6005393723325685
0	0.1	2911	3	dist+comp+allele	0.5978297809019912
0	0.1	2911	4	distance	0.48781081693323686
0	0.1	2911	4	composition	0.5986933667306238
0	0.1	2911	4	dist+comp+allele	0.5970461343206414
0	0.1	2911	5	distance	0.49469306361514037
0	0.1	2911	5	composition	0.5876667123584645
0	0.1	2911	5	dist+comp+allele	0.5905774730230233
0	0.1	2911	6	distance	0.4911447940017073
0	0.1	2911	6	composition	0.5907340642127454
0	0.1	2911	6	dist+comp+allele	0.5840742113519244
0	0.1	2911	7	distance	0.4954951942265553
0	0.1	2911	7	composition	0.6001752219999259
0	0.1	2911	7	dist+comp+allele	0.5953738843507941
0	0.1	2911	8	distance	0.49661747652024174
0	0.1	2911	8	composition	0.5974803687183069
0	0.1	2911	8	dist+comp+allele	0.5908278865359692
0	0.1	2911	9	distance	0.48943730025609106
0	0.1	2911	9	composition	0.6015759246090349
0	0.1	2911	9	dist+comp+allele	0.6060765439193806
