model	scheme	C	refalt	ref_copy	diff_only_logit	floor	delta	delta_ci_lo	delta_ci_hi	diff_only_gbt	absdiff_only_gbt	diff_only_mlp	absdiff_only_mlp
HyenaDNA	chrom_fixed	0.001	0.5703540594015436	0.5703881005493128	0.4968042190923815	0.5985436577098942	-3.404114776917044e-05						
HyenaDNA	chrom_fixed	0.01	0.5667007291079884	0.5666848308308149	0.49583606123119106	0.5985436577098942	1.5898277173520547e-05						
HyenaDNA	chrom_fixed	0.1	0.555921890656796	0.555979809195337	0.49532424053875934	0.5985436577098942	-5.7918538540979725e-05	-0.00021799182708491792	0.00011195674848704372	0.5189143671096702	0.5241770555170016	0.5223510024548262	0.5053950865172405
HyenaDNA	chrom_fixed	1.0	0.5471530759319265	0.5472415931313607	0.4954866945181585	0.5985436577098942	-8.851719943414604e-05						
HyenaDNA	chrom_fixed	10.0	0.5372758662622903	0.5376709586079771	0.4954788114529104	0.5985436577098942	-0.0003950923456867983						
HyenaDNA	gene	0.1	0.5681866755354595	0.5681036385805571	0.5013373564585771	0.6042807870313005	8.30369549024157e-05			0.5221046632561487	0.5244486166085304	0.5299234509449209	0.5078374591632144
HyenaDNA	random	0.1	0.6866315339615585	0.6866311543728727	0.4881293469640123	0.6698534999747464	3.795886858171116e-07						
HyenaDNA	chrom_rand0	0.1	0.5577217502395657	0.5577165681787666	0.48825266606555073	0.5924439079027439	5.182060799135968e-06						
HyenaDNA	chrom_rand1	0.1	0.5589402160278082	0.5589532624881668	0.486373359029545	0.6058986390889826	-1.304646035860113e-05						
HyenaDNA	chrom_rand2	0.1	0.5552517158150982	0.5552613440832235	0.4860891293905043	0.5862202276890793	-9.62826812522799e-06						
HyenaDNA	chrom_rand3	0.1	0.5707960325853159	0.5708045970460851	0.4949900495963856	0.6000132646006875	-8.564460769244775e-06						
HyenaDNA	chrom_rand4	0.1	0.5705351443164096	0.5705228201346233	0.4925188056284635	0.5927069800498992	1.2324181786316224e-05						
HyenaDNA	chrom_rand5	0.1	0.5637307892775638	0.5637502505775278	0.48442159152111275	0.5948475626952863	-1.946129996399648e-05						
HyenaDNA	chrom_rand6	0.1	0.5642051049116688	0.564160748697416	0.4902933867164174	0.5919695578266355	4.435621425280534e-05						
HyenaDNA	chrom_rand7	0.1	0.5554364162794928	0.5554794275607895	0.48318411056620736	0.5919866179164648	-4.301128129668985e-05						
HyenaDNA	chrom_rand8	0.1	0.5663538037475393	0.5663668220315615	0.4825764274593872	0.5922286141378639	-1.3018284022225934e-05						
HyenaDNA	chrom_rand9	0.1	0.5682559794416724	0.5682596757874253	0.49151811744779134	0.5988743680101334	-3.6963457529237687e-06						
Caduceus	chrom_fixed	0.001	0.5774565324532005	0.5775078211864607	0.49720082299890167	0.5985436577098942	-5.128873326021299e-05						
Caduceus	chrom_fixed	0.01	0.5692865444687157	0.56931330066953	0.5030882281781027	0.5985436577098942	-2.675620081427077e-05						
Caduceus	chrom_fixed	0.1	0.5634839164016228	0.563502223685189	0.5068000071179732	0.5985436577098942	-1.8307283566221244e-05	-0.00022718528536328774	0.00017039114500504157	0.5329299652348687	0.5111447659707726	0.5469824474081464	0.5328903578419352
Caduceus	chrom_fixed	1.0	0.5475809537507046	0.5476974435447012	0.5054989514189232	0.5985436577098942	-0.0001164897939965881						
Caduceus	chrom_fixed	10.0	0.5341336282624575	0.534722706782375	0.5053060400257865	0.5985436577098942	-0.0005890785199175186						
Caduceus	gene	0.1	0.5873457790837276	0.5874089905981534	0.5068598681965581	0.6042807870313005	-6.321151442578721e-05			0.5425896987173523	0.5252594812956146	0.5381474656859705	0.5435920868121519
Caduceus	random	0.1	0.6954852844496051	0.6955272703160787	0.5118608671459347	0.6698534999747464	-4.198586647363722e-05						
Caduceus	chrom_rand0	0.1	0.5905228490526242	0.590579666407602	0.5130811974730595	0.5924439079027439	-5.6817354977756196e-05						
Caduceus	chrom_rand1	0.1	0.5769342972692528	0.5770521949785674	0.5117846076037476	0.6058986390889826	-0.00011789770931458499						
Caduceus	chrom_rand2	0.1	0.5697009305294957	0.5696312081207298	0.5076198372146395	0.5862202276890793	6.97224087659043e-05						
Caduceus	chrom_rand3	0.1	0.5852222476412041	0.5853051473437876	0.5153764189118709	0.6000132646006875	-8.289970258346102e-05						
Caduceus	chrom_rand4	0.1	0.5811257795887499	0.5811851416618928	0.508440623645434	0.5927069800498992	-5.9362073142943395e-05						
Caduceus	chrom_rand5	0.1	0.5839276257268924	0.5839872882073632	0.5128631227372178	0.5948475626952863	-5.966248047084566e-05						
Caduceus	chrom_rand6	0.1	0.5810722639990998	0.5811832412906394	0.5159612602446448	0.5919695578266355	-0.00011097729153952685						
Caduceus	chrom_rand7	0.1	0.5913882449196073	0.591470743897632	0.5094800326866059	0.5919866179164648	-8.249897802470318e-05						
Caduceus	chrom_rand8	0.1	0.5794972280612021	0.5795154715749756	0.5119379793191215	0.5922286141378639	-1.82435137735526e-05						
Caduceus	chrom_rand9	0.1	0.5799837266210688	0.5800089814426153	0.5147545933317528	0.5988743680101334	-2.5254821546472073e-05						
