model	layer	pool	shift	shift_rand	refalt	ref_copy	ref_only	diff_lin	diff_gbt	rand_gbt	delta
hyena	0	mean	0.0008034018	0.00088462146	0.5828063624981973	0.5828216738968093	0.57979038230104	0.4833141604947245	0.5301905443912107	0.5470842428672235	-1.5311398611994598e-05
hyena	0	w1k	0.012168757	0.013385722	0.5911619005779147	0.5909701403429597	0.5930114686470157	0.5000859362406127	0.5452591524071033	0.5512563516767688	0.0001917602349550407
hyena	0	w64	0.06050567	0.069446355	0.5659245911728962	0.5656224054614138	0.570471139793244	0.5012485874917664	0.5448662492303609	0.5492722854070625	0.00030218571148232787
hyena	0	pos	0.8684075	0.9392328	0.5577235082101738	0.56642712410192	0.57221571113488	0.49613958275658077	0.5302433157699957	0.5578361630266445	-0.008703615891746175
hyena	1	mean	0.0007637643	0.00082800305	0.590891321099343	0.5908638822216619	0.5877828310765718	0.48758007749028087	0.5295650678581098	0.5425997874204551	2.7438877681085216e-05
hyena	1	w1k	0.00978468	0.010820368	0.5956859725079142	0.5957307596531818	0.5972929728772718	0.49132351089233195	0.5560670472246769	0.5473502596904243	-4.478714526756633e-05
hyena	1	w64	0.05287417	0.062029287	0.5718972295293095	0.5725063417051424	0.5759009072873166	0.500314752672891	0.5404268830731132	0.5377812610995921	-0.0006091121758328155
hyena	1	pos	0.8687698	0.99292934	0.5480072446023657	0.5553576285335609	0.5615862784373098	0.49652510039721687	0.5381305232938824	0.5478514190589168	-0.007350383931195137
hyena	2	mean	0.00087584334	0.0009896236	0.5698837013207276	0.5699079291857168	0.5728497010361855	0.5113041866631851	0.5354832675348419	0.5525523974111193	-2.422786498912366e-05
hyena	2	w1k	0.010688666	0.012792649	0.5909084675664256	0.5907651359582324	0.5940460700969157	0.4968129571816796	0.5452926746613486	0.5291834797122672	0.0001433316081931313
hyena	2	w64	0.04704485	0.059336588	0.575089389558748	0.5769807971886192	0.5805746123492769	0.49691890734626354	0.5418652564547832	0.5467579408528886	-0.0018914076298711668
hyena	2	pos	0.7715802	0.9113161	0.5561263970943922	0.5627057818402208	0.5721643255282232	0.49150434648762786	0.5278169885189725	0.5493846995960641	-0.0065793847458286425
hyena	3	mean	0.00077215896	0.00086613913	0.5640963809452917	0.5640473590667666	0.566840660783456	0.49458428719117303	0.5279635655736172	0.5309166348571749	4.902187852506845e-05
hyena	3	w1k	0.009542698	0.011352077	0.5917731045107288	0.59203568740828	0.5955545105266117	0.4853333029315504	0.5277196843104988	0.53198749452704	-0.0002625828975512112
hyena	3	w64	0.0429297	0.05429165	0.5791731212373212	0.5808986325041957	0.584182213379315	0.48628202473576254	0.5357006465399325	0.547669076050527	-0.0017255112668744799
hyena	3	pos	0.7205	0.8775578	0.5463377848043711	0.5586729047567454	0.5647384135720631	0.4791866143394783	0.5263691193082874	0.5462885120748061	-0.01233511995237424
hyena	4	mean	0.00071603345	0.00079164247	0.5654581778329943	0.56543425019837	0.5677936526940746	0.5177862480189102	0.5178265214294326	0.5460337717198158	2.3927634624332228e-05
hyena	4	w1k	0.008412499	0.0100187715	0.6015587094647353	0.6016704293710197	0.6032394036496381	0.4933429828801644	0.5257972822340828	0.5457077230456507	-0.00011171990628433548
hyena	4	w64	0.03943087	0.050234333	0.5813776056172881	0.5827105631839675	0.5850131703461036	0.4842431933546287	0.5418432160254001	0.5427557463779279	-0.0013329575666793936
hyena	4	pos	0.6857681	0.8491929	0.5529302353823745	0.5585965806645111	0.5637137932720612	0.49414498604468005	0.5242076330888966	0.5363673754671167	-0.005666345282136609
hyena	5	mean	0.00065475004	0.00071720156	0.5762387102698693	0.5762142733597035	0.5788441591098675	0.5153550775587272	0.5197252441359647	0.5256202248641062	2.4436910165737125e-05
hyena	5	w1k	0.0072086146	0.008619506	0.5972583023318165	0.5977055533639343	0.5989673900592777	0.4871052949335871	0.5315392251139984	0.5414870079935794	-0.00044725103211773476
hyena	5	w64	0.034574293	0.04371377	0.5778082405269238	0.5798837789777546	0.5838680053781875	0.46848104824634157	0.5368583075221807	0.5383320110416769	-0.0020755384508307495
hyena	5	pos	0.70149285	0.81995285	0.5417081716152448	0.5531691721583842	0.5595138475964883	0.483711445364852	0.528673392480307	0.5495765749199485	-0.011461000543139477
hyena	6	mean	0.00060500554	0.0006627379	0.5634912931398943	0.5634496420451894	0.5663513377669771	0.5088614179051546	0.5319945452835325	0.5135972287745796	4.165109470488648e-05
hyena	6	w1k	0.0065074214	0.007736315	0.5966304003900043	0.596879375485132	0.5989009479389028	0.4884632642791943	0.5267473677217598	0.5386035551810577	-0.00024897509512777916
hyena	6	w64	0.031006912	0.03894077	0.5868006395560038	0.588356317843519	0.5919196155368711	0.48381080268417287	0.5383147472762853	0.5352915876073864	-0.0015556782875152386
hyena	6	pos	0.726503	0.828084	0.5389301033233547	0.5518424359823607	0.5583696190405314	0.47959146618589105	0.5386492411308753	0.5408893051377721	-0.012912332659006043
hyena	7	mean	0.0003658753	0.00038866285	0.5557493856509099	0.5557208280773522	0.5592744196348003	0.48627638401567025	0.5306958452588593	0.5338251787065733	2.8557573557685956e-05
hyena	7	w1k	0.002593336	0.0030952445	0.5906178255073076	0.5908297676331514	0.5917816994394425	0.4797828538805349	0.5463512906289125	0.538660230772842	-0.00021194212584385586
hyena	7	w64	0.014326678	0.017540554	0.5901486864658306	0.5918234883835242	0.5954835125919946	0.476366138524949	0.5461931747831098	0.5546482356957779	-0.0016748019176935358
hyena	7	pos	0.48173994	0.5289985	0.5467798952797489	0.5566819514072444	0.5654410276681212	0.4759755965888308	0.5450651228926434	0.5381165092607949	-0.009902056127495507
hyena	final	mean	0.00028072114	0.0002978405	0.5563376464456093	0.5563788262262793	0.5609927929998915	0.49608532949147116	0.5299009490188711	0.5477074105182016	-4.117978066997541e-05
hyena	final	w1k	0.0020050504	0.0023580345	0.5886742045015305	0.5888160375435059	0.591536451850381	0.4677392542181981	0.5490423246913937	0.5340137931157644	-0.00014183304197534774
hyena	final	w64	0.010867518	0.013235477	0.5840368237376021	0.5864139361969987	0.5892633074226493	0.47499327435449884	0.5535032388341345	0.5441597082863353	-0.0023771124593965354
hyena	final	pos	0.39529458	0.42788732	0.5374009545237091	0.5482859128472206	0.5569362801655464	0.4799582312894069	0.5427258085646818	0.5576763027676089	-0.010884958323511551
caduceus	0	mean	0.00014610417	0.00014753135	0.569412641376825	0.5695461124783311	0.5762001262383468	0.4903025087115692	0.5264312280692994	0.5246850651836471	-0.00013347110150607744
caduceus	0	w1k	0.0017319337	0.0017300149	0.6039327973277635	0.6038375241744371	0.6047576068475358	0.5073521508599784	0.5457723141426678	0.5284297034067547	9.527315332635844e-05
caduceus	0	w64	0.015457254	0.016601127	0.595310547753089	0.5976644200625426	0.59837687327165	0.4944943456318665	0.5291968889559063	0.5149612217388464	-0.0023538723094536085
caduceus	0	pos	0.7574553	0.83656335	0.5826150964902206	0.5820405925188343	0.5901101892848527	0.4962932333493259	0.5297364605321553	0.5224502978351702	0.0005745039713862532
caduceus	1	mean	0.00025557482	0.00026346758	0.5577794218909379	0.5578692137651907	0.5618325000588347	0.50435911933902	0.5212637398880412	0.534844182125744	-8.979187425284252e-05
caduceus	1	w1k	0.0032457702	0.0034063607	0.6000457892813047	0.600326722989612	0.6021628086263233	0.5149732637425138	0.5337477524405643	0.537484015614268	-0.0002809337083072849
caduceus	1	w64	0.026853897	0.03163425	0.5755632750451941	0.5789177117581917	0.5813808154927557	0.49781827541720175	0.5381263247760776	0.5430581238812919	-0.0033544367129976216
caduceus	1	pos	0.70842326	0.7784719	0.5573618400684904	0.5659166102830591	0.5681312848569618	0.4879708181937362	0.5350878376492765	0.5351904890571404	-0.00855477021456863
caduceus	2	mean	0.00040332176	0.00044417274	0.5313251726974164	0.5314413128586724	0.5381190056135281	0.4915895745337539	0.5213386093303767	0.5193179014449653	-0.00011614016125593984
caduceus	2	w1k	0.004886088	0.0056794025	0.5918669271574606	0.5925341031895561	0.5945907110325057	0.4948634491483633	0.5479959483884417	0.5404437921607729	-0.00066717603209554
caduceus	2	w64	0.03729047	0.05088581	0.5745626715343001	0.5787070288839964	0.5793056792276385	0.48663947354614756	0.5323497171158419	0.5344537354491846	-0.004144357349696315
caduceus	2	pos	0.63106644	0.69207203	0.5632063074756978	0.5753240369520156	0.5770841122904644	0.48526519221129283	0.5283654765365469	0.5304605026133865	-0.01211772947631784
caduceus	3	mean	0.00047091767	0.0005249565	0.541085267572217	0.5410844068340206	0.5397201542302102	0.49590272400689656	0.5270388465124772	0.5281148266013671	8.607381963843252e-07
caduceus	3	w1k	0.005306501	0.006415273	0.5933910529969543	0.5931017121863084	0.5953824502169465	0.4877206180481538	0.5323700552941377	0.5332211646435658	0.00028934081064591055
caduceus	3	w64	0.040387288	0.056988187	0.5786624015848679	0.5803892412303535	0.5822200309376632	0.48000661817392026	0.5319415476540742	0.5343748298134141	-0.0017268396454855894
caduceus	3	pos	0.5818585	0.6462058	0.5567980019399987	0.5654476081338075	0.5652540388097582	0.4895513113415513	0.5273595434966643	0.5231924959609613	-0.008649606193808723
caduceus	4	mean	0.0005802909	0.00066907663	0.5312511346377319	0.5312738043068851	0.534156379103262	0.49910957159273606	0.5224543872025478	0.5412891886404262	-2.2669669153208005e-05
caduceus	4	w1k	0.0070292205	0.0090119	0.5892140755711821	0.5890832917707558	0.5915053581958855	0.501808481832829	0.5511212679028026	0.537405681456528	0.000130783800426304
caduceus	4	w64	0.047201566	0.06699683	0.574519418739901	0.5761735372631157	0.5772421108440611	0.4899685307544982	0.539432814182797	0.5291522430886495	-0.0016541185232147315
caduceus	4	pos	0.50960547	0.56619084	0.5517194536734075	0.558714610437485	0.5566099298007757	0.4983319306774622	0.5316101230591299	0.5471465082862246	-0.006995156764077581
caduceus	5	mean	0.00058954686	0.00068106013	0.5305496598890251	0.5305208914414934	0.5311515388087861	0.4918454737258613	0.5290983488091351	0.5414505604007379	2.8768447531746233e-05
caduceus	5	w1k	0.0068139285	0.00875418	0.5884847705729964	0.5884605605409604	0.5905254110808643	0.5042473985643625	0.5472724609910427	0.5378066474547591	2.4210032036009466e-05
caduceus	5	w64	0.04568599	0.06476706	0.5777363565613512	0.5775303687828328	0.5775783759889548	0.4986432449492165	0.5366397667348126	0.5292466875523465	0.00020598777851843497
caduceus	5	pos	0.47348228	0.5363717	0.5534861070894574	0.5615508860229924	0.5603026194464567	0.49380202294754516	0.5348762858823318	0.548227686525404	-0.008064778933534966
caduceus	6	mean	0.0006895338	0.0007893045	0.5278574287461988	0.5278406570526345	0.5254731189872469	0.5041959241703731	0.5319788313460376	0.5251671400375125	1.6771693564288093e-05
caduceus	6	w1k	0.007034886	0.009049758	0.5896064629343583	0.5895858781496618	0.5925728046024231	0.5075749788928687	0.5389073455031927	0.5282837422431094	2.058478469646463e-05
caduceus	6	w64	0.04445324	0.061815947	0.590983611153191	0.5904604190066957	0.5913819415742819	0.4895362643368738	0.5354714064806574	0.5217630672098741	0.0005231921464953215
caduceus	6	pos	0.42850804	0.49234867	0.5495757843690713	0.5593927496931439	0.5611673937453773	0.4961165156077712	0.5375336285545174	0.5392779008450791	-0.009816965324072613
caduceus	7	mean	0.00074950187	0.00084549974	0.5320695111538607	0.5320364763928617	0.5325609610203978	0.5020052393252914	0.5372943582903782	0.5349542208559805	3.303476099902891e-05
caduceus	7	w1k	0.0076666814	0.009439256	0.591806818879898	0.5918655734883123	0.5940985365516891	0.49853443315874235	0.5597473665437922	0.5411995463178865	-5.8754608414313125e-05
caduceus	7	w64	0.040579546	0.052663513	0.5800704095022521	0.5819342040785138	0.5828938120484859	0.4801001886998442	0.5537549537313222	0.5358162314338073	-0.0018637945762617347
caduceus	7	pos	0.4111482	0.45933777	0.5536054963097146	0.5677082274075808	0.5660007369391693	0.4887571364900397	0.5543365967356652	0.5412966681001686	-0.014102731097866195
caduceus	8	mean	0.0006926438	0.00077800703	0.5395435600906149	0.539464847815393	0.5383041538620088	0.5070436772140753	0.5489743951528233	0.5399976869609379	7.871227522193713e-05
caduceus	8	w1k	0.007094714	0.008612394	0.5883955449131041	0.5884985976939989	0.590740165532252	0.49658062183111723	0.5643085176608541	0.5433569720419585	-0.00010305278089484116
caduceus	8	w64	0.037954204	0.04729909	0.5846085606267131	0.586235423234525	0.5875861127133593	0.47782441270038306	0.5614597298001025	0.5589991899535376	-0.0016268626078119741
caduceus	8	pos	0.45259088	0.5117971	0.557940804770659	0.5658916342144089	0.5692310263915432	0.4932337866047057	0.5489195989094983	0.5326300843604612	-0.007950829443749918
caduceus	9	mean	0.0006338998	0.00070380006	0.5115024479185362	0.5114480406554367	0.5133495963221323	0.4979780791760849	0.5332178607609472	0.5467889719789676	5.44072630994652e-05
caduceus	9	w1k	0.006287024	0.0077108415	0.5886067633574348	0.5887458116310832	0.5908464129154549	0.49048053096684285	0.5598847571085477	0.5560169464513073	-0.0001390482736484122
caduceus	9	w64	0.035190083	0.043677494	0.5848504702364802	0.586737056401601	0.5877495881670813	0.4737192607061881	0.5584856399669399	0.5358004523976236	-0.0018865861651208293
caduceus	9	pos	0.48000735	0.5552214	0.5569152921549299	0.5637887545935677	0.566594348232087	0.5060924091936245	0.5562798442060091	0.5601183180980831	-0.006873462438637845
caduceus	10	mean	0.0005901088	0.00066010386	0.5310772576513683	0.5311009247080888	0.5308617175164669	0.4976060241528998	0.5535309966405706	0.5342859706122397	-2.366705672052216e-05
caduceus	10	w1k	0.0056037325	0.006819397	0.5825949109233225	0.5828818546246565	0.5855002141450572	0.4808782351429734	0.5704476456288203	0.5464470356244526	-0.00028694370133397484
caduceus	10	w64	0.03214415	0.03971058	0.5828848789557964	0.5850196672702672	0.5864467088976907	0.47930209479326413	0.5608266073592968	0.5455905112055772	-0.0021347883144707813
caduceus	10	pos	0.574927	0.62829185	0.563955042253321	0.5713252336541741	0.5710217762577997	0.5062636433965231	0.5487490577696439	0.5599772623395756	-0.007370191400853043
caduceus	11	mean	0.00056010066	0.00062731456	0.5242240510220654	0.5241782009513136	0.5270591321065983	0.49111569393538773	0.5318044198229807	0.5204248046194072	4.585007075175174e-05
caduceus	11	w1k	0.005512841	0.0066325967	0.5834943517930906	0.5836808461896118	0.5868452518184224	0.4935599490797271	0.5573147694924458	0.5548283374735219	-0.00018649439652118627
caduceus	11	w64	0.03248293	0.03891121	0.589465777721169	0.5905096599215706	0.5926523147664382	0.4990762710533702	0.5492423421634169	0.5484679610771471	-0.0010438822004015247
caduceus	11	pos	0.63129735	0.689327	0.5554806259895009	0.5664547520572831	0.5695870846961503	0.4981315917523032	0.5631448942307997	0.5645574950998684	-0.010974126067782253
caduceus	12	mean	0.00057743525	0.00062849955	0.5416948235087027	0.541530515078635	0.5426842823920578	0.5004140186640479	0.5323383220062852	0.5317845794942082	0.00016430843006765006
caduceus	12	w1k	0.005202261	0.0061365757	0.5882155788318488	0.5884080262458906	0.5906862680855599	0.5042199837766004	0.5541176880748191	0.5408680474181586	-0.00019244741404178534
caduceus	12	w64	0.031572945	0.03661923	0.5904294124201591	0.5923170125774664	0.5939223021095211	0.5075571801450567	0.5419654534246439	0.5491565790132785	-0.0018876001573072676
caduceus	12	pos	0.6832304	0.7097124	0.5517119799569281	0.5681634537351741	0.5687503483097739	0.48758706826906906	0.562733591958023	0.5707111027746541	-0.016451473778245962
caduceus	13	mean	0.0007037391	0.00073117076	0.554917767694921	0.5548139889054148	0.5603577411975988	0.49793482584031584	0.5489575574149317	0.552276857151113	0.00010377878950618147
caduceus	13	w1k	0.005819332	0.0063007986	0.6059234840008025	0.6062109700867949	0.6083046858946157	0.5094613778968045	0.5612126673424384	0.5475274539560238	-0.00028748608599238334
caduceus	13	w64	0.032249358	0.03597303	0.5978856329691341	0.5991586821100058	0.6013997790116614	0.5102225883285186	0.5710125017731797	0.5562657143109843	-0.0012730491408716738
caduceus	13	pos	0.78373146	0.82083374	0.5797010554882094	0.5854215882947162	0.5884407172438813	0.49532246392269996	0.5569329372112877	0.572523743400984	-0.005720532806506862
caduceus	14	mean	0.00068833283	0.000694765	0.562539867384941	0.5626062525512561	0.5651310585495704	0.49327607717283206	0.5374923585315945	0.5324269908061208	-6.638516631507496e-05
caduceus	14	w1k	0.006048659	0.0062602344	0.6017440636500166	0.6017964124982628	0.603390032595075	0.4946670457038006	0.551774519461364	0.5439629494714734	-5.234884824611985e-05
caduceus	14	w64	0.03966744	0.041852124	0.6027790120256065	0.6044634546830789	0.6077332883205553	0.5044503596657017	0.5683019581033281	0.5651307239462408	-0.0016844426574724736
caduceus	14	pos	1.0098281	1.041564	0.5826062610459	0.5876261353984751	0.5862483921024004	0.49441196861324227	0.5629663716641454	0.5555549638286449	-0.0050198743525751155
caduceus	15	mean	0.0004049515	0.0004023192	0.5705168702264045	0.5706029739328053	0.5728180246934573	0.5069108073053363	0.5264403704190049	0.5522486437238345	-8.610370640083076e-05
caduceus	15	w1k	0.0034966036	0.0033922743	0.6102769874918078	0.6102197423670676	0.6133364062185483	0.4922781532173304	0.5597114597911762	0.5396642084705359	5.7245124740257225e-05
caduceus	15	w64	0.027023379	0.027946196	0.6096585939158302	0.6103980591001905	0.6139484859110407	0.48986368968282645	0.5534208038154285	0.551438500175961	-0.0007394651843602995
caduceus	15	pos	1.1192765	1.1320068	0.5861559143205014	0.5915850130987306	0.5944558314756871	0.48939218171388726	0.5521668090026072	0.5550364091495267	-0.005429098778229169
caduceus	final	mean	5.604331e-05	5.2688225e-05	0.562351301829138	0.5624029225856018	0.5646744482774829	0.49398036886218116	0.528009152567021	0.5380909392500414	-5.162075646381048e-05
caduceus	final	w1k	0.0008112806	0.0008038585	0.6102837523238653	0.6102126763128566	0.6130588480533361	0.5030710556167133	0.579536804281377	0.5451456163402881	7.107601100875272e-05
caduceus	final	w64	0.006512245	0.0068416446	0.608938031276703	0.6089915190801595	0.6135819169136211	0.48914238212046024	0.5656260071544426	0.5602548046288328	-5.348780345648674e-05
caduceus	final	pos	0.37348908	0.3604983	0.584336976739965	0.5904013407910517	0.5927983720756171	0.49272889480397614	0.5691143499211525	0.5845770604526543	-0.006064364051086679
