fold	seed	test	alt	ref_copy	rand	d_copy
0	0	0.4687373149860924	0.4687373149860924	0.46879316310101427	0.46874821217924795	-5.58481149218748e-05
0	1	0.575004018339976	0.575004018339976	0.575242394440252	0.5753241233889181	-0.00023837610027599432
0	2	0.4915492267079307	0.4915492267079307	0.491553313155364	0.49150836223359773	-4.086447433271356e-06
1	0	0.5436787137556686	0.5436787137556686	0.5437084879300078	0.5438207136640557	-2.9774174339247672e-05
1	1	0.4749141129586367	0.4749141129586367	0.47560349961064535	0.4751156612157024	-0.0006893866520086278
1	2	0.48607713801474967	0.48607713801474967	0.48552975127112824	0.48623287984975494	0.0005473867436214253
2	0	0.5359748613120667	0.5359748613120667	0.5358960029074751	0.5356645706331301	7.885840459165294e-05
2	1	0.5689668177547984	0.5689668177547984	0.5693645384040431	0.5693182519491741	-0.00039772064924470385
2	2	0.5025337548257915	0.5025337548257915	0.5025508979572244	0.5025646124623708	-1.7143131432861836e-05
3	0	0.5105704565010643	0.5105704565010643	0.5112964766088492	0.5113346881934695	-0.000726020107784997
3	1	0.5709490059327023	0.5709490059327023	0.5712504528780399	0.5709631583714505	-0.0003014469453376245
3	2	0.5255493976722069	0.5255493976722069	0.52729863910149	0.5261650287577555	-0.0017492414292831215
4	0	0.498439214888288	0.498439214888288	0.4985149811558469	0.49855827616588044	-7.57662675588966e-05
4	1	0.4497420699777247	0.4497420699777247	0.44915109309076584	0.4499271561456184	0.0005909768869588605
4	2	0.5595923341855235	0.5595923341855235	0.5598131387366948	0.5591940200932141	-0.00022080455117134967
